{
  "session_id": "session_20250713_005207_3e682b41",
  "execution_time": "2025-07-13T00:52:11.629730",
  "system_state": {
    "rounds_completed": 3,
    "total_cost": 14.399999999999999,
    "final_quality": 0.40733473168511625,
    "quality_history": [
      0.38151445845759835,
      0.40131982404158323,
      0.40733473168511625
    ]
  },
  "system_config": {
    "mode": "semi_auto",
    "max_rounds": 10,
    "budget_limit": 100.0
  },
  "round_results": [],
  "system_stats": {
    "total_sessions_run": 1,
    "total_rounds_completed": 3,
    "total_cost_spent": 14.399999999999999,
    "average_round_time": 1.3697116666666667,
    "quality_improvement_achieved": 0.025820273227517898,
    "convergence_rate": 0.0
  }
}